{"cameraMode":{"drawMode":0,"name":"Shaded","section":"Shading Mode"},"sceneLighting":false,"audioPlay":false,"sceneViewState":{"showFog":true,"showMaterialUpdate":false,"showSkybox":false,"showFlares":true,"showImageEffects":true,"showParticleSystems":true},"in2DMode":false,"pivot":{"x":-18.008676528930665,"y":6.152108669281006,"z":-39.76720428466797},"rotation":{"x":-0.0841909870505333,"y":-0.1866040676832199,"z":0.016039347276091577,"w":-0.9787039756774902},"size":43.726993560791019,"orthographic":false}