{"count":1,"gauges":{"RobotBrain.CumulativeReward":{"count":24,"max":1,"min":-1,"value":-1,"weightedAverage":0.4424853}},"self":39.3650336,"total":39.731942599999996,"children":{"AgentSendState":{"count":1968,"self":0.014011899999999999,"total":0.0170151,"children":{"CollectObservations":{"count":197,"self":0.0020023,"total":0.0020023,"children":null},"CollectDiscreteActionMasks":{"count":197,"self":0.0010008999999999999,"total":0.0010008999999999999,"children":null}}},"DecideAction":{"count":1968,"self":0.32487289999999996,"total":0.32487289999999996,"children":null},"AgentAct":{"count":1968,"self":0.025022,"total":0.025022,"children":null}}}